Nebringen,48.5627,8.8481,Herrenberg Bahnhof,48.5935,8.8630
Bopser,48.76555,9.18673,Herrenberg Bahnhof,48.5935,8.8630
